name,ingredient_list,diet,flavor_profile,course,state,region,dish_text
balu shahi,"['maida flour', 'yogurt', 'oil', 'sugar']",vegetarian,sweet,dessert,west bengal,east,balu shahi maida flour yogurt oil sugar vegetarian sweet dessert west bengal east
boondi,"['gram flour', 'ghee', 'sugar']",vegetarian,sweet,dessert,rajasthan,west,boondi gram flour ghee sugar vegetarian sweet dessert rajasthan west
gajar ka halwa,"['carrots', 'milk', 'sugar', 'ghee', 'cashews', 'raisins']",vegetarian,sweet,dessert,punjab,north,gajar ka halwa carrots milk sugar ghee cashews raisins vegetarian sweet dessert punjab north
ghevar,"['flour', 'ghee', 'kewra', 'milk', 'clarified butter', 'sugar', 'almonds', 'pistachio', 'saffron', 'green cardamom']",vegetarian,sweet,dessert,rajasthan,west,ghevar flour ghee kewra milk clarified butter sugar almonds pistachio saffron green cardamom vegetarian sweet dessert rajasthan west
gulab jamun,"['milk powder', 'plain flour', 'baking powder', 'ghee', 'milk', 'sugar', 'water', 'rose water']",vegetarian,sweet,dessert,west bengal,east,gulab jamun milk powder plain flour baking powder ghee milk sugar water rose water vegetarian sweet dessert west bengal east
imarti,"['sugar syrup', 'lentil flour']",vegetarian,sweet,dessert,west bengal,east,imarti sugar syrup lentil flour vegetarian sweet dessert west bengal east
jalebi,"['maida', 'corn flour', 'baking soda', 'vinegar', 'curd', 'water', 'turmeric', 'saffron', 'cardamom']",vegetarian,sweet,dessert,uttar pradesh,north,jalebi maida corn flour baking soda vinegar curd water turmeric saffron cardamom vegetarian sweet dessert uttar pradesh north
kaju katli,"['cashews', 'ghee', 'cardamom', 'sugar']",vegetarian,sweet,dessert,unknown,unknown,kaju katli cashews ghee cardamom sugar vegetarian sweet dessert unknown unknown
kalakand,"['milk', 'cottage cheese', 'sugar']",vegetarian,sweet,dessert,west bengal,east,kalakand milk cottage cheese sugar vegetarian sweet dessert west bengal east
kheer,"['milk', 'rice', 'sugar', 'dried fruits']",vegetarian,sweet,dessert,unknown,unknown,kheer milk rice sugar dried fruits vegetarian sweet dessert unknown unknown
laddu,"['gram flour', 'ghee', 'sugar']",vegetarian,sweet,dessert,unknown,unknown,laddu gram flour ghee sugar vegetarian sweet dessert unknown unknown
lassi,"['yogurt', 'milk', 'nuts', 'sugar']",vegetarian,sweet,dessert,punjab,north,lassi yogurt milk nuts sugar vegetarian sweet dessert punjab north
nankhatai,"['refined flour', 'besan', 'ghee', 'powdered sugar', 'yoghurt', 'green cardamom']",vegetarian,sweet,dessert,unknown,unknown,nankhatai refined flour besan ghee powdered sugar yoghurt green cardamom vegetarian sweet dessert unknown unknown
petha,"['firm white pumpkin', 'sugar', 'kitchen lime', 'alum powder']",vegetarian,sweet,dessert,uttar pradesh,north,petha firm white pumpkin sugar kitchen lime alum powder vegetarian sweet dessert uttar pradesh north
phirni,"['rice', 'sugar', 'nuts']",vegetarian,sweet,dessert,odisha,east,phirni rice sugar nuts vegetarian sweet dessert odisha east
rabri,"['condensed milk', 'sugar', 'spices', 'nuts']",vegetarian,sweet,dessert,uttar pradesh,north,rabri condensed milk sugar spices nuts vegetarian sweet dessert uttar pradesh north
sheera,"['semolina', 'ghee', 'nuts', 'milk']",vegetarian,sweet,dessert,maharashtra,west,sheera semolina ghee nuts milk vegetarian sweet dessert maharashtra west
singori,"['khoa', 'coconut', 'molu leaf']",vegetarian,sweet,dessert,uttarakhand,north,singori khoa coconut molu leaf vegetarian sweet dessert uttarakhand north
sohan halwa,"['corn flour', 'ghee', 'dry fruits']",vegetarian,sweet,dessert,uttar pradesh,north,sohan halwa corn flour ghee dry fruits vegetarian sweet dessert uttar pradesh north
sohan papdi,"['gram flour', 'ghee', 'sugar', 'milk', 'cardamom']",vegetarian,sweet,dessert,maharashtra,west,sohan papdi gram flour ghee sugar milk cardamom vegetarian sweet dessert maharashtra west
chhena jalebi,"['chhena', 'sugar', 'ghee']",vegetarian,sweet,dessert,odisha,east,chhena jalebi chhena sugar ghee vegetarian sweet dessert odisha east
chhena kheeri,"['chhena', 'sugar', 'milk']",vegetarian,sweet,dessert,odisha,east,chhena kheeri chhena sugar milk vegetarian sweet dessert odisha east
chhena poda,"['sugar', 'chenna cheese']",vegetarian,sweet,dessert,odisha,east,chhena poda sugar chenna cheese vegetarian sweet dessert odisha east
cham cham,"['flour', 'cream', 'sugar', 'saffron', 'lemon juice', 'coconut flakes']",vegetarian,sweet,dessert,west bengal,east,cham cham flour cream sugar saffron lemon juice coconut flakes vegetarian sweet dessert west bengal east
kheer sagar,"['chenna', 'condensed milk', 'sugar', 'saffron', 'cardamom']",vegetarian,sweet,dessert,odisha,east,kheer sagar chenna condensed milk sugar saffron cardamom vegetarian sweet dessert odisha east
ledikeni,"['chhena', 'sugar', 'ghee']",vegetarian,sweet,dessert,west bengal,east,ledikeni chhena sugar ghee vegetarian sweet dessert west bengal east
lyangcha,"['flour', 'fried milk power', 'sugar syrup']",vegetarian,sweet,dessert,assam,north east,lyangcha flour fried milk power sugar syrup vegetarian sweet dessert assam north east
malapua,"['yoghurt', 'refined flour', 'ghee', 'fennel seeds']",vegetarian,sweet,dessert,bihar,north,malapua yoghurt refined flour ghee fennel seeds vegetarian sweet dessert bihar north
mihidana,"['besan flour', 'sugar', 'ghee']",vegetarian,sweet,dessert,west bengal,east,mihidana besan flour sugar ghee vegetarian sweet dessert west bengal east
misti doi,"['milk', 'jaggery']",vegetarian,sweet,dessert,west bengal,east,misti doi milk jaggery vegetarian sweet dessert west bengal east
pantua,"['chhena', 'sugar', 'ghee', 'flour']",vegetarian,sweet,dessert,west bengal,east,pantua chhena sugar ghee flour vegetarian sweet dessert west bengal east
pithe,"['rice flour', 'wheat flour']",vegetarian,sweet,dessert,assam,north east,pithe rice flour wheat flour vegetarian sweet dessert assam north east
rasabali,"['chenna', 'sweetened milk']",vegetarian,sweet,dessert,odisha,east,rasabali chenna sweetened milk vegetarian sweet dessert odisha east
ras malai,"['chhena', 'reduced milk', 'pistachio']",vegetarian,sweet,dessert,west bengal,east,ras malai chhena reduced milk pistachio vegetarian sweet dessert west bengal east
rasgulla,"['chhena', 'sugar', 'cardamom']",vegetarian,sweet,dessert,west bengal,east,rasgulla chhena sugar cardamom vegetarian sweet dessert west bengal east
sandesh,"['milk', 'sugar', 'saffron', 'cardamom']",vegetarian,sweet,dessert,west bengal,east,sandesh milk sugar saffron cardamom vegetarian sweet dessert west bengal east
adhirasam,"['rice flour', 'jaggery', 'ghee', 'vegetable oil', 'elachi']",vegetarian,sweet,dessert,west bengal,east,adhirasam rice flour jaggery ghee vegetable oil elachi vegetarian sweet dessert west bengal east
ariselu,"['rice flour', 'jaggery', 'ghee']",vegetarian,sweet,dessert,andhra pradesh,south,ariselu rice flour jaggery ghee vegetarian sweet dessert andhra pradesh south
bandar laddu,"['besan', 'jaggery', 'cardamom powder', 'ghee', 'cashews and raisins', 'jaggery syrup', 'sugar']",vegetarian,sweet,dessert,andhra pradesh,south,bandar laddu besan jaggery cardamom powder ghee cashews and raisins jaggery syrup sugar vegetarian sweet dessert andhra pradesh south
chikki,"['peanuts', 'jaggery']",vegetarian,sweet,dessert,maharashtra,west,chikki peanuts jaggery vegetarian sweet dessert maharashtra west
dharwad pedha,"['milk', 'sugar', 'dharwadi buffalo milk']",vegetarian,sweet,dessert,karnataka,south,dharwad pedha milk sugar dharwadi buffalo milk vegetarian sweet dessert karnataka south
double ka meetha,"['loaf bread', 'milk']",vegetarian,sweet,dessert,telangana,south,double ka meetha loaf bread milk vegetarian sweet dessert telangana south
gavvalu,"['rice flour', 'sugar', 'salt', 'ghee', 'semolina']",vegetarian,sweet,dessert,andhra pradesh,south,gavvalu rice flour sugar salt ghee semolina vegetarian sweet dessert andhra pradesh south
kakinada khaja,"['wheat flour', 'sugar']",vegetarian,sweet,dessert,andhra pradesh,south,kakinada khaja wheat flour sugar vegetarian sweet dessert andhra pradesh south
kuzhi paniyaram,"['black lentils', 'rice']",vegetarian,sweet,dessert,kerala,south,kuzhi paniyaram black lentils rice vegetarian sweet dessert kerala south
mysore pak,"['besan flour', 'semolina', 'mung bean', 'jaggery', 'coconut', 'skimmed milk powder', 'sugar', 'ghee']",vegetarian,sweet,dessert,karnataka,south,mysore pak besan flour semolina mung bean jaggery coconut skimmed milk powder sugar ghee vegetarian sweet dessert karnataka south
obbattu holige,"['maida flour', 'turmeric', 'coconut', 'chickpeas', 'jaggery', 'ghee', 'cardamom']",vegetarian,sweet,main course,karnataka,south,obbattu holige maida flour turmeric coconut chickpeas jaggery ghee cardamom vegetarian sweet main course karnataka south
palathalikalu,"['rice flour', 'milk']",vegetarian,sweet,dessert,andhra pradesh,south,palathalikalu rice flour milk vegetarian sweet dessert andhra pradesh south
poornalu,"['chana dal', 'jaggery']",vegetarian,sweet,dessert,andhra pradesh,south,poornalu chana dal jaggery vegetarian sweet dessert andhra pradesh south
pongal,"['rice', 'jaggery', 'cashews', 'ghee']",vegetarian,sweet,dessert,tamil nadu,south,pongal rice jaggery cashews ghee vegetarian sweet dessert tamil nadu south
pootharekulu,"['rice flour', 'powdered sugar', 'ghee']",vegetarian,sweet,dessert,andhra pradesh,south,pootharekulu rice flour powdered sugar ghee vegetarian sweet dessert andhra pradesh south
qubani ka meetha,"['apricots', 'sugar syrup']",vegetarian,sweet,dessert,telangana,south,qubani ka meetha apricots sugar syrup vegetarian sweet dessert telangana south
sheer korma,"['vermicelli pudding', 'milk']",vegetarian,sweet,dessert,telangana,south,sheer korma vermicelli pudding milk vegetarian sweet dessert telangana south
unni appam,"['rice flour', 'banana', 'jaggery', 'coconut']",vegetarian,sweet,dessert,tamil nadu,south,unni appam rice flour banana jaggery coconut vegetarian sweet dessert tamil nadu south
kajjikaya,"['rice flour', 'jaggery', 'coconut']",vegetarian,sweet,dessert,andhra pradesh,south,kajjikaya rice flour jaggery coconut vegetarian sweet dessert andhra pradesh south
anarsa,"['rice flour', 'jaggery', 'khus khus seeds']",vegetarian,sweet,dessert,maharashtra,west,anarsa rice flour jaggery khus khus seeds vegetarian sweet dessert maharashtra west
basundi,"['sugar', 'milk', 'nuts']",vegetarian,sweet,dessert,gujarat,west,basundi sugar milk nuts vegetarian sweet dessert gujarat west
dhondas,"['cucumber', 'rava']",vegetarian,sweet,dessert,maharashtra,west,dhondas cucumber rava vegetarian sweet dessert maharashtra west
doodhpak,"['milk', 'rice', 'sugar', 'dry fruits']",vegetarian,sweet,dessert,gujarat,west,doodhpak milk rice sugar dry fruits vegetarian sweet dessert gujarat west
mahim halwa,"['semolina', 'sugar']",vegetarian,sweet,dessert,maharashtra,west,mahim halwa semolina sugar vegetarian sweet dessert maharashtra west
modak,"['rice flour', 'coconut', 'jaggery']",vegetarian,sweet,dessert,maharashtra,west,modak rice flour coconut jaggery vegetarian sweet dessert maharashtra west
shankarpali,"['sugar', 'ghee', 'maida flour', 'semolina']",vegetarian,sweet,dessert,maharashtra,west,shankarpali sugar ghee maida flour semolina vegetarian sweet dessert maharashtra west
shrikhand,"['curd', 'sugar', 'saffron', 'cardamom']",vegetarian,sweet,dessert,maharashtra,west,shrikhand curd sugar saffron cardamom vegetarian sweet dessert maharashtra west
sutar feni,"['maida', 'sugar', 'ghee']",vegetarian,sweet,dessert,maharashtra,west,sutar feni maida sugar ghee vegetarian sweet dessert maharashtra west
maach jhol,"['fish', 'potol', 'tomato', 'chillies', 'ginger', 'garlic']",non vegetarian,spicy,main course,assam,north east,maach jhol fish potol tomato chillies ginger garlic non vegetarian spicy main course assam north east
pork bharta,"['boiled pork', 'onions', 'chillies', 'ginger and garlic']",non vegetarian,spicy,main course,tripura,north east,pork bharta boiled pork onions chillies ginger and garlic non vegetarian spicy main course tripura north east
chak hao kheer,"['rice', 'milk', 'sugar', 'cardamom']",vegetarian,sweet,dessert,manipur,north east,chak hao kheer rice milk sugar cardamom vegetarian sweet dessert manipur north east
galho,"['rice', 'axone', 'salt', 'water', 'chillies', 'pork']",non vegetarian,spicy,main course,nagaland,north east,galho rice axone salt water chillies pork non vegetarian spicy main course nagaland north east
aloo gobi,"['cauliflower', 'potato', 'garam masala', 'turmeric', 'curry leaves']",vegetarian,spicy,main course,punjab,north,aloo gobi cauliflower potato garam masala turmeric curry leaves vegetarian spicy main course punjab north
aloo tikki,"['rice flour', 'potato', 'bread crumbs', 'garam masala', 'salt']",vegetarian,spicy,main course,punjab,north,aloo tikki rice flour potato bread crumbs garam masala salt vegetarian spicy main course punjab north
aloo matar,"['potato', 'peas', 'chillies', 'ginger', 'garam masala', 'garlic']",vegetarian,spicy,main course,punjab,north,aloo matar potato peas chillies ginger garam masala garlic vegetarian spicy main course punjab north
aloo methi,"['potato', 'fenugreek leaves', 'chillies', 'salt', 'oil']",vegetarian,bitter,main course,punjab,north,aloo methi potato fenugreek leaves chillies salt oil vegetarian bitter main course punjab north
aloo shimla mirch,"['potato', 'shimla mirch', 'garam masala', 'amchur powder', 'salt']",vegetarian,spicy,main course,punjab,north,aloo shimla mirch potato shimla mirch garam masala amchur powder salt vegetarian spicy main course punjab north
bhatura,"['chole', 'rava', 'yogurt', 'plain flour', 'baking soda']",vegetarian,spicy,main course,punjab,north,bhatura chole rava yogurt plain flour baking soda vegetarian spicy main course punjab north
bhindi masala,"['ladies finger', 'garam masala', 'kasuri methi', 'tomatoes', 'chili powder']",vegetarian,spicy,main course,punjab,north,bhindi masala ladies finger garam masala kasuri methi tomatoes chili powder vegetarian spicy main course punjab north
biryani,"['chicken thighs', 'basmati rice', 'star anise', 'sweet', 'green chillies']",non vegetarian,spicy,main course,telangana,south,biryani chicken thighs basmati rice star anise sweet green chillies non vegetarian spicy main course telangana south
butter chicken,"['chicken', 'greek yogurt', 'cream', 'garam masala powder', 'cashew nuts', 'butter']",non vegetarian,spicy,main course,nct of delhi,north,butter chicken chicken greek yogurt cream garam masala powder cashew nuts butter non vegetarian spicy main course nct of delhi north
chana masala,"['chickpeas', 'tomato paste', 'garam masala', 'ginger', 'red onion', 'avocado oil']",vegetarian,spicy,main course,punjab,north,chana masala chickpeas tomato paste garam masala ginger red onion avocado oil vegetarian spicy main course punjab north
chapati,"['whole wheat flour', 'olive oil', 'hot water', 'all purpose flour']",vegetarian,unknown,main course,maharashtra,west,chapati whole wheat flour olive oil hot water all purpose flour vegetarian unknown main course maharashtra west
chicken razala,"['chicken', 'dahi', 'sesame seeds', 'garam masala powder', 'cashew nuts', 'saffron']",non vegetarian,spicy,main course,west bengal,east,chicken razala chicken dahi sesame seeds garam masala powder cashew nuts saffron non vegetarian spicy main course west bengal east
chicken tikka masala,"['naan bread', 'tomato sauce', 'skinless chicken breasts', 'heavy cream', 'garam masala']",non vegetarian,spicy,main course,punjab,north,chicken tikka masala naan bread tomato sauce skinless chicken breasts heavy cream garam masala non vegetarian spicy main course punjab north
chicken tikka,"['chicken', 'whole wheat bread', 'rice flour', 'garam masala powder', 'whole egg']",non vegetarian,spicy,starter,punjab,north,chicken tikka chicken whole wheat bread rice flour garam masala powder whole egg non vegetarian spicy starter punjab north
chole bhature,"['chole', 'bhatura', 'garam masala', 'bay leaf', 'cinnamon stick']",vegetarian,spicy,main course,punjab,north,chole bhature chole bhatura garam masala bay leaf cinnamon stick vegetarian spicy main course punjab north
daal baati churma,"['moong dal', 'masoor dal', 'chana dal', 'wheat flour', 'almond']",vegetarian,spicy,main course,rajasthan,west,daal baati churma moong dal masoor dal chana dal wheat flour almond vegetarian spicy main course rajasthan west
daal puri,"['moong dal', 'garam masala powder', 'garlic', 'green chilli', 'all purpose flour']",vegetarian,spicy,main course,west bengal,east,daal puri moong dal garam masala powder garlic green chilli all purpose flour vegetarian spicy main course west bengal east
dal makhani,"['red kidney beans', 'urad dal', 'cream', 'garam masala', 'chili powder']",vegetarian,sweet,main course,punjab,north,dal makhani red kidney beans urad dal cream garam masala chili powder vegetarian sweet main course punjab north
dal tadka,"['pigeon peas', 'garam masala', 'ginger', 'red onion', 'kasuri methi']",vegetarian,spicy,main course,punjab,north,dal tadka pigeon peas garam masala ginger red onion kasuri methi vegetarian spicy main course punjab north
dum aloo,"['baby potatoes', 'garam masala', 'cashew nuts', 'kasuri methi', 'tomatoes']",vegetarian,spicy,main course,jammu kashmir,north,dum aloo baby potatoes garam masala cashew nuts kasuri methi tomatoes vegetarian spicy main course jammu kashmir north
poha,"['beaten rice flakes', 'potato', 'curry leaves', 'green chilies', 'lemon juice']",vegetarian,spicy,snack,maharashtra,west,poha beaten rice flakes potato curry leaves green chilies lemon juice vegetarian spicy snack maharashtra west
fara,"['chana dal', 'whole wheat flour', 'arhar dal', 'white urad dal', 'garam masala powder']",vegetarian,spicy,snack,chhattisgarh,central,fara chana dal whole wheat flour arhar dal white urad dal garam masala powder vegetarian spicy snack chhattisgarh central
kachori,"['moong dal', 'rava', 'garam masala', 'dough', 'fennel seeds']",vegetarian,spicy,snack,uttar pradesh,north,kachori moong dal rava garam masala dough fennel seeds vegetarian spicy snack uttar pradesh north
kadai paneer,"['cottage cheese', 'bell peppers', 'gravy', 'garam masala', 'cashew nuts']",vegetarian,spicy,main course,punjab,north,kadai paneer cottage cheese bell peppers gravy garam masala cashew nuts vegetarian spicy main course punjab north
kadhi pakoda,"['besan', 'garam masala powder', 'gram flour', 'ginger', 'curry leaves']",vegetarian,spicy,main course,haryana,north,kadhi pakoda besan garam masala powder gram flour ginger curry leaves vegetarian spicy main course haryana north
karela bharta,"['bitter gourd', 'fennel', 'garam masala powder', 'chili powder', 'amchur powder']",vegetarian,bitter,main course,punjab,north,karela bharta bitter gourd fennel garam masala powder chili powder amchur powder vegetarian bitter main course punjab north
khichdi,"['moong dal', 'green peas', 'ginger', 'tomato', 'green chili']",vegetarian,spicy,main course,unknown,unknown,khichdi moong dal green peas ginger tomato green chili vegetarian spicy main course unknown unknown
kofta,"['paneer', 'potato', 'cream', 'corn flour', 'garam masala']",vegetarian,spicy,main course,uttar pradesh,north,kofta paneer potato cream corn flour garam masala vegetarian spicy main course uttar pradesh north
kulfi falooda,"['rose syrup', 'falooda sev', 'mixed nuts', 'saffron', 'sugar']",vegetarian,sweet,dessert,unknown,unknown,kulfi falooda rose syrup falooda sev mixed nuts saffron sugar vegetarian sweet dessert unknown unknown
lauki ke kofte,"['bottle gourd', 'garam masala powder', 'gram flour', 'ginger', 'chillies']",vegetarian,spicy,main course,uttar pradesh,north,lauki ke kofte bottle gourd garam masala powder gram flour ginger chillies vegetarian spicy main course uttar pradesh north
lauki ki subji,"['bottle gourd', 'coconut oil', 'garam masala', 'ginger', 'green chillies']",vegetarian,spicy,main course,unknown,unknown,lauki ki subji bottle gourd coconut oil garam masala ginger green chillies vegetarian spicy main course unknown unknown
litti chokha,"['wheat flour', 'roasted gram flour', 'tomato', 'nigella seeds', 'chilli']",vegetarian,spicy,main course,bihar,north,litti chokha wheat flour roasted gram flour tomato nigella seeds chilli vegetarian spicy main course bihar north
makki di roti sarson da saag,"['palak', 'makki atta', 'mustard green', 'garam masala', 'ginger']",vegetarian,spicy,main course,punjab,north,makki di roti sarson da saag palak makki atta mustard green garam masala ginger vegetarian spicy main course punjab north
misi roti,"['whole wheat flour', 'chickpea flour', 'green chilies']",vegetarian,spicy,main course,punjab,north,misi roti whole wheat flour chickpea flour green chilies vegetarian spicy main course punjab north
mushroom do pyaza,"['mushroom', 'malai', 'garam masala', 'ginger', 'capsicum']",vegetarian,spicy,main course,punjab,north,mushroom do pyaza mushroom malai garam masala ginger capsicum vegetarian spicy main course punjab north
mushroom matar,"['canned coconut milk', 'frozen green peas', 'wild mushrooms', 'garam masala', 'tomatoes']",vegetarian,spicy,main course,punjab,north,mushroom matar canned coconut milk frozen green peas wild mushrooms garam masala tomatoes vegetarian spicy main course punjab north
naan,"['whole wheat flour', 'honey', 'butter', 'garlic']",vegetarian,unknown,main course,punjab,north,naan whole wheat flour honey butter garlic vegetarian unknown main course punjab north
navrattan korma,"['green beans', 'potatoes', 'khus khus', 'low fat', 'garam masala powder']",vegetarian,spicy,main course,uttar pradesh,north,navrattan korma green beans potatoes khus khus low fat garam masala powder vegetarian spicy main course uttar pradesh north
palak paneer,"['cottage cheese', 'palak', 'cream', 'garam masala', 'butter']",vegetarian,spicy,main course,punjab,north,palak paneer cottage cheese palak cream garam masala butter vegetarian spicy main course punjab north
paneer butter masala,"['paneer', 'whipping cream', 'garam masala', 'cashew nuts', 'butter']",vegetarian,spicy,main course,punjab,north,paneer butter masala paneer whipping cream garam masala cashew nuts butter vegetarian spicy main course punjab north
paneer tikka masala,"['paneer', 'greek yogurt', 'tandoori masala', 'cream', 'bell pepper']",vegetarian,spicy,main course,punjab,north,paneer tikka masala paneer greek yogurt tandoori masala cream bell pepper vegetarian spicy main course punjab north
pani puri,"['kala chana', 'mashed potato', 'boondi', 'sev', 'lemon']",vegetarian,spicy,snack,unknown,unknown,pani puri kala chana mashed potato boondi sev lemon vegetarian spicy snack unknown unknown
panjeeri,"['whole wheat flour', 'musk melon seeds', 'poppy seeds', 'edible gum', 'semolina']",vegetarian,sweet,dessert,uttar pradesh,,panjeeri whole wheat flour musk melon seeds poppy seeds edible gum semolina vegetarian sweet dessert uttar pradesh
papad,"['urad dal', 'sev', 'lemon juice', 'chopped tomatoes']",vegetarian,spicy,snack,unknown,unknown,papad urad dal sev lemon juice chopped tomatoes vegetarian spicy snack unknown unknown
paratha,"['wheat flour', 'butter', 'potato', 'coriander']",vegetarian,spicy,main course,punjab,north,paratha wheat flour butter potato coriander vegetarian spicy main course punjab north
pattor,"['arbi ke patte', 'sesame seeds', 'gur', 'bengal gram flour', 'imli']",vegetarian,spicy,main course,rajasthan,west,pattor arbi ke patte sesame seeds gur bengal gram flour imli vegetarian spicy main course rajasthan west
pindi chana,"['fennel', 'tea bags', 'tomato', 'kasuri methi', 'cinnamon']",vegetarian,spicy,main course,punjab,north,pindi chana fennel tea bags tomato kasuri methi cinnamon vegetarian spicy main course punjab north
rajma chaval,"['red kidney beans', 'garam masala powder', 'ginger', 'tomato', 'mustard oil']",vegetarian,spicy,main course,unknown,north,rajma chaval red kidney beans garam masala powder ginger tomato mustard oil vegetarian spicy main course unknown north
rongi,"['garam masala powder', 'tomato', 'kasuri methi', 'cinnamon', 'mustard oil']",vegetarian,unknown,main course,punjab,north,rongi garam masala powder tomato kasuri methi cinnamon mustard oil vegetarian unknown main course punjab north
samosa,"['potatoes', 'green peas', 'garam masala', 'ginger', 'dough']",vegetarian,spicy,snack,unknown,unknown,samosa potatoes green peas garam masala ginger dough vegetarian spicy snack unknown unknown
sattu ki roti,"['sattu', 'atta', 'dough', 'filling', 'mustard oil']",vegetarian,spicy,main course,bihar,north,sattu ki roti sattu atta dough filling mustard oil vegetarian spicy main course bihar north
shahi paneer,"['cottage cheese', 'malai', 'garam masala', 'ginger', 'tomato']",vegetarian,spicy,main course,punjab,north,shahi paneer cottage cheese malai garam masala ginger tomato vegetarian spicy main course punjab north
shahi tukra,"['rose water', 'milk', 'white bread slices', 'saffron', 'almonds']",vegetarian,sweet,dessert,telangana,south,shahi tukra rose water milk white bread slices saffron almonds vegetarian sweet dessert telangana south
vegetable jalfrezi,"['baby corn', 'french beans', 'garam masala', 'ginger', 'carrot']",vegetarian,spicy,main course,punjab,north,vegetable jalfrezi baby corn french beans garam masala ginger carrot vegetarian spicy main course punjab north
tandoori chicken,"['greek yogurt', 'garam masala', 'kasuri methi', 'marinade', 'mustard oil']",non vegetarian,spicy,main course,punjab,north,tandoori chicken greek yogurt garam masala kasuri methi marinade mustard oil non vegetarian spicy main course punjab north
tandoori fish tikka,"['chickpea flour', 'biryani masala powder', 'yogurt', 'fish fillets', 'green bell pepper']",non vegetarian,spicy,starter,punjab,north,tandoori fish tikka chickpea flour biryani masala powder yogurt fish fillets green bell pepper non vegetarian spicy starter punjab north
attu,"['whole wheat flour', 'arhar dal', 'ginger', 'kala jeera', 'green chilli']",vegetarian,spicy,snack,andhra pradesh,south,attu whole wheat flour arhar dal ginger kala jeera green chilli vegetarian spicy snack andhra pradesh south
avial,"['raw banana', 'elephant foot yam', 'long beans', 'tindora', 'urad dal']",vegetarian,spicy,main course,kerala,south,avial raw banana elephant foot yam long beans tindora urad dal vegetarian spicy main course kerala south
bisi bele bath,"['split pigeon peas', 'chana dal', 'urad dal', 'green peas', 'french beans']",vegetarian,spicy,main course,karnataka,south,bisi bele bath split pigeon peas chana dal urad dal green peas french beans vegetarian spicy main course karnataka south
currivepillai sadam,"['chana dal', 'urad dal', 'fresh coconut', 'sesame seeds', 'curry leaves']",vegetarian,spicy,main course,tamil nadu,south,currivepillai sadam chana dal urad dal fresh coconut sesame seeds curry leaves vegetarian spicy main course tamil nadu south
dosa,"['chana dal', 'urad dal', 'whole urad dal', 'blend rice', 'rock salt']",vegetarian,spicy,snack,unknown,south,dosa chana dal urad dal whole urad dal blend rice rock salt vegetarian spicy snack unknown south
idiappam,"['rice flour', 'hot water', 'grated coconut']",vegetarian,spicy,snack,tamil nadu,south,idiappam rice flour hot water grated coconut vegetarian spicy snack tamil nadu south
idli,"['split urad dal', 'urad dal', 'idli rice', 'thick poha', 'rock salt']",vegetarian,spicy,snack,unknown,south,idli split urad dal urad dal idli rice thick poha rock salt vegetarian spicy snack unknown south
kanji,"['carrot', 'yellow mustard', 'red chilli', 'black salt']",vegetarian,unknown,snack,kerala,south,kanji carrot yellow mustard red chilli black salt vegetarian unknown snack kerala south
kaara kozhambu,"['sesame oil', 'drumstick', 'tamarind paste', 'sambar powder', 'tomato']",vegetarian,spicy,main course,tamil nadu,south,kaara kozhambu sesame oil drumstick tamarind paste sambar powder tomato vegetarian spicy main course tamil nadu south
keerai kootu,"['moong dal', 'chana dal', 'spinach', 'urad dal', 'coconut oil']",vegetarian,spicy,main course,tamil nadu,south,keerai kootu moong dal chana dal spinach urad dal coconut oil vegetarian spicy main course tamil nadu south
keerai masiyal,"['urad dal', 'curry leaves', 'sugar', 'mustard seeds', 'spinach']",vegetarian,spicy,main course,tamil nadu,south,keerai masiyal urad dal curry leaves sugar mustard seeds spinach vegetarian spicy main course tamil nadu south
keerai sadam,"['greens', 'tomato', 'mustard seeds', 'fenugreek seeds']",vegetarian,spicy,main course,tamil nadu,south,keerai sadam greens tomato mustard seeds fenugreek seeds vegetarian spicy main course tamil nadu south
keerai poriyal,"['amaranth leaves', 'split urad dal', 'mustard seeds', 'grated coconut', 'red chili']",vegetarian,spicy,main course,tamil nadu,south,keerai poriyal amaranth leaves split urad dal mustard seeds grated coconut red chili vegetarian spicy main course tamil nadu south
beef fry,"['beef', 'coconut', 'garam masala', 'curry leaves', 'green chilies', 'chili powder']",non vegetarian,spicy,main course,kerala,south,beef fry beef coconut garam masala curry leaves green chilies chili powder non vegetarian spicy main course kerala south
kootu,"['chana dal', 'urad dal', 'potato', 'beans', 'peas']",vegetarian,spicy,main course,tamil nadu,south,kootu chana dal urad dal potato beans peas vegetarian spicy main course tamil nadu south
kos kootu,"['moong dal', 'chana dal', 'cabbage', 'tamarind', 'curry leaves']",vegetarian,spicy,main course,tamil nadu,south,kos kootu moong dal chana dal cabbage tamarind curry leaves vegetarian spicy main course tamil nadu south
koshambri,"['moong dal', 'cucumber', 'curry leaves', 'green chili', 'lemon juice']",vegetarian,spicy,main course,karnataka,south,koshambri moong dal cucumber curry leaves green chili lemon juice vegetarian spicy main course karnataka south
kothamali sadam,"['chana dal', 'urad dal', 'gooseberry', 'raw rice', 'curry leaves']",vegetarian,spicy,main course,tamil nadu,south,kothamali sadam chana dal urad dal gooseberry raw rice curry leaves vegetarian spicy main course tamil nadu south
kuzhakkattai,"['sesame oil', 'raw rice', 'jaggery', 'grated coconut']",vegetarian,spicy,main course,tamil nadu,south,kuzhakkattai sesame oil raw rice jaggery grated coconut vegetarian spicy main course tamil nadu south
kuzhambu,"['pearl onions', 'urad dal', 'drumsticks', 'tomato', 'curry leaves']",vegetarian,spicy,main course,tamil nadu,south,kuzhambu pearl onions urad dal drumsticks tomato curry leaves vegetarian spicy main course tamil nadu south
masala dosa,"['chana dal', 'urad dal', 'potatoes', 'idli rice', 'thick poha']",vegetarian,spicy,snack,unknown,south,masala dosa chana dal urad dal potatoes idli rice thick poha vegetarian spicy snack unknown south
pachadi,"['coconut oil', 'cucumber', 'curd', 'curry leaves', 'mustard seeds']",vegetarian,unknown,main course,unknown,south,pachadi coconut oil cucumber curd curry leaves mustard seeds vegetarian unknown main course unknown south
paniyaram,"['yogurt', 'ginger', 'curry leaves', 'baking soda', 'green chilli']",vegetarian,unknown,main course,tamil nadu,south,paniyaram yogurt ginger curry leaves baking soda green chilli vegetarian unknown main course tamil nadu south
papadum,"['lentils', 'black pepper', 'vegetable oil']",vegetarian,spicy,snack,kerala,south,papadum lentils black pepper vegetable oil vegetarian spicy snack kerala south
paravannam,"['raw rice', 'jaggery', 'milk']",vegetarian,spicy,main course,kerala,south,paravannam raw rice jaggery milk vegetarian spicy main course kerala south
payasam,"['rice', 'cashew nuts', 'milk', 'raisins', 'sugar']",vegetarian,sweet,dessert,unknown,south,payasam rice cashew nuts milk raisins sugar vegetarian sweet dessert unknown south
paruppu sadam,"['arhar dal', 'sambar powder', 'tomato', 'curry leaves', 'fennel seeds']",vegetarian,unknown,main course,tamil nadu,south,paruppu sadam arhar dal sambar powder tomato curry leaves fennel seeds vegetarian unknown main course tamil nadu south
pesarattu,"['green moong beans', 'rice flour']",vegetarian,spicy,snack,andhra pradesh,south,pesarattu green moong beans rice flour vegetarian spicy snack andhra pradesh south
poriyal,"['chana dal', 'urad dal', 'beans', 'coconut', 'mustard']",vegetarian,spicy,main course,tamil nadu,south,poriyal chana dal urad dal beans coconut mustard vegetarian spicy main course tamil nadu south
puli sadam,"['urad dal', 'lemon', 'tamarind', 'cooked rice', 'curry leaves']",vegetarian,unknown,main course,tamil nadu,south,puli sadam urad dal lemon tamarind cooked rice curry leaves vegetarian unknown main course tamil nadu south
rasam,"['tomato', 'curry leaves', 'garlic', 'mustard seeds', 'hot water']",vegetarian,spicy,main course,unknown,south,rasam tomato curry leaves garlic mustard seeds hot water vegetarian spicy main course unknown south
puttu,"['brown rice flour', 'sugar', 'grated coconut']",vegetarian,unknown,main course,kerala,south,puttu brown rice flour sugar grated coconut vegetarian unknown main course kerala south
sambar,"['pigeon peas', 'eggplant', 'drumsticks', 'sambar powder', 'tamarind']",vegetarian,spicy,main course,unknown,south,sambar pigeon peas eggplant drumsticks sambar powder tamarind vegetarian spicy main course unknown south
sandige,"['thin rice flakes', 'black sesame seeds', 'curry leaves']",vegetarian,unknown,main course,karnataka,south,sandige thin rice flakes black sesame seeds curry leaves vegetarian unknown main course karnataka south
sevai,"['sevai', 'parboiled rice', 'steamer']",vegetarian,unknown,main course,unknown,south,sevai sevai parboiled rice steamer vegetarian unknown main course unknown south
thayir sadam,"['urad dal', 'curd', 'sesame oil', 'ginger', 'curry leaves', 'mustard seeds']",vegetarian,unknown,main course,tamil nadu,south,thayir sadam urad dal curd sesame oil ginger curry leaves mustard seeds vegetarian unknown main course tamil nadu south
theeyal,"['coconut', 'whole red beans', 'masala', 'sesame oil', 'tamarind']",vegetarian,unknown,main course,kerala,south,theeyal coconut whole red beans masala sesame oil tamarind vegetarian unknown main course kerala south
uttapam,"['chana dal', 'urad dal', 'thick poha', 'tomato', 'butter']",vegetarian,spicy,snack,unknown,south,uttapam chana dal urad dal thick poha tomato butter vegetarian spicy snack unknown south
vada,"['urad dal', 'ginger', 'curry leaves', 'green chilies', 'black pepper']",vegetarian,spicy,snack,unknown,south,vada urad dal ginger curry leaves green chilies black pepper vegetarian spicy snack unknown south
chicken varuval,"['meat curry powder', 'chicken chunks', 'ginger', 'tomato', 'cinnamon']",non vegetarian,spicy,main course,tamil nadu,south,chicken varuval meat curry powder chicken chunks ginger tomato cinnamon non vegetarian spicy main course tamil nadu south
upma,"['chana dal', 'urad dal', 'ginger', 'curry leaves', 'sugar']",vegetarian,spicy,snack,unknown,unknown,upma chana dal urad dal ginger curry leaves sugar vegetarian spicy snack unknown unknown
amti,"['kala masala', 'arhar dal', 'curry leaves', 'mustard seeds', 'hot water']",vegetarian,spicy,main course,maharashtra,west,amti kala masala arhar dal curry leaves mustard seeds hot water vegetarian spicy main course maharashtra west
zunka,"['gram flour', 'mustard', 'garlic', 'turmeric', 'red chilli']",vegetarian,spicy,main course,maharashtra,west,zunka gram flour mustard garlic turmeric red chilli vegetarian spicy main course maharashtra west
kolim jawla,"['baingan', 'fish', 'coconut oil', 'fresh coconut', 'ginger']",non vegetarian,spicy,main course,maharashtra,west,kolim jawla baingan fish coconut oil fresh coconut ginger non vegetarian spicy main course maharashtra west
saath,"['urad dal', 'potatoes', 'wheat flour', 'sooji']",vegetarian,spicy,main course,gujarat,west,saath urad dal potatoes wheat flour sooji vegetarian spicy main course gujarat west
bajri no rotlo,"['wheat flour', 'pearl millet flour', 'hot water']",vegetarian,spicy,main course,gujarat,west,bajri no rotlo wheat flour pearl millet flour hot water vegetarian spicy main course gujarat west
coconut vadi,"['condensed milk', 'mawa', 'desiccated coconut', 'almonds', 'cashews']",vegetarian,sweet,dessert,maharashtra,west,coconut vadi condensed milk mawa desiccated coconut almonds cashews vegetarian sweet dessert maharashtra west
bhakri,"['jowar flour', 'sesame seeds']",vegetarian,unknown,main course,maharashtra,west,bhakri jowar flour sesame seeds vegetarian unknown main course maharashtra west
bombil fry,"['bombay duck', 'malvani masala', 'rice flour', 'bombay rava', 'green chilies']",non vegetarian,spicy,main course,maharashtra,west,bombil fry bombay duck malvani masala rice flour bombay rava green chilies non vegetarian spicy main course maharashtra west
chakali,"['rice flour', 'sesame', 'plain flour', 'turmeric', 'red chilli']",vegetarian,spicy,snack,maharashtra,west,chakali rice flour sesame plain flour turmeric red chilli vegetarian spicy snack maharashtra west
chevdo,"['citric acid', 'fry', 'raisins', 'sugar', 'chana daal']",vegetarian,spicy,snack,gujarat,west,chevdo citric acid fry raisins sugar chana daal vegetarian spicy snack gujarat west
chorafali,"['urad dal', 'bengal gram flour', 'dried mango', 'baking soda', 'black salt']",vegetarian,spicy,snack,gujarat,west,chorafali urad dal bengal gram flour dried mango baking soda black salt vegetarian spicy snack gujarat west
copra paak,"['condensed milk', 'nestle cream', 'coconut ice', 'red food coloring', 'desiccated coconut']",vegetarian,unknown,main course,gujarat,west,copra paak condensed milk nestle cream coconut ice red food coloring desiccated coconut vegetarian unknown main course gujarat west
daal dhokli,"['whole wheat flour', 'dal', 'kokum', 'gur', 'bengal gram flour']",vegetarian,spicy,main course,gujarat,west,daal dhokli whole wheat flour dal kokum gur bengal gram flour vegetarian spicy main course gujarat west
kutchi dabeli,"['pav', 'aloo', 'peanut', 'pomegranate', 'star anise']",vegetarian,spicy,snack,gujarat,west,kutchi dabeli pav aloo peanut pomegranate star anise vegetarian spicy snack gujarat west
dahi vada,"['urad dal', 'bhuna chana', 'garam masala', 'dates', 'tamarind']",vegetarian,unknown,snack,maharashtra,west,dahi vada urad dal bhuna chana garam masala dates tamarind vegetarian unknown snack maharashtra west
dalithoy,"['arhar dal', 'coconut oil', 'curry leaves', 'mustard seeds', 'red chilli']",vegetarian,unknown,main course,maharashtra,west,dalithoy arhar dal coconut oil curry leaves mustard seeds red chilli vegetarian unknown main course maharashtra west
dhokla,"['rava', 'coconut', 'gram flour', 'mustard', 'sesame']",vegetarian,spicy,snack,gujarat,west,dhokla rava coconut gram flour mustard sesame vegetarian spicy snack gujarat west
dudhi halwa,"['bottle gourd', 'green', 'raisins', 'sugar', 'clarified butter']",vegetarian,sweet,dessert,gujarat,west,dudhi halwa bottle gourd green raisins sugar clarified butter vegetarian sweet dessert gujarat west
gatta curry,"['yogurt', 'besan', 'sauce', 'garam masala powder', 'gram flour']",vegetarian,spicy,main course,rajasthan,west,gatta curry yogurt besan sauce garam masala powder gram flour vegetarian spicy main course rajasthan west
gud papdi,"['wheat flour', 'jaggery', 'clarified butter', 'sliced almonds']",vegetarian,sweet,dessert,gujarat,west,gud papdi wheat flour jaggery clarified butter sliced almonds vegetarian sweet dessert gujarat west
ghooghra,"['dry fruits', 'semolina', 'all purpose flour']",vegetarian,spicy,snack,gujarat,west,ghooghra dry fruits semolina all purpose flour vegetarian spicy snack gujarat west
handwo,"['bottle gourd', 'chana dal', 'cabbage', 'urad dal', 'toor dal']",vegetarian,spicy,snack,gujarat,west,handwo bottle gourd chana dal cabbage urad dal toor dal vegetarian spicy snack gujarat west
halvasan,"['whole wheat rava', 'chia seed', 'lemon', 'edible gum', 'litre milk']",vegetarian,sweet,dessert,gujarat,west,halvasan whole wheat rava chia seed lemon edible gum litre milk vegetarian sweet dessert gujarat west
jeera aloo,"['green chilies', 'lemon juice', 'chili powder', 'boiled potatoes']",vegetarian,spicy,main course,gujarat,west,jeera aloo green chilies lemon juice chili powder boiled potatoes vegetarian spicy main course gujarat west
kansar,"['wheat flour', 'cashews', 'rapeseed oil']",vegetarian,unknown,main course,gujarat,west,kansar wheat flour cashews rapeseed oil vegetarian unknown main course gujarat west
keri no ras,"['mango', 'sugar']",vegetarian,sour,main course,gujarat,west,keri no ras mango sugar vegetarian sour main course gujarat west
khakhra,"['whole wheat flour', 'low fat', 'bengal gram flour']",vegetarian,spicy,snack,gujarat,west,khakhra whole wheat flour low fat bengal gram flour vegetarian spicy snack gujarat west
khandvi,"['green chili paste', 'white sesame seeds', 'gram flour', 'curry leaves', 'green chili']",vegetarian,spicy,snack,gujarat,west,khandvi green chili paste white sesame seeds gram flour curry leaves green chili vegetarian spicy snack gujarat west
kombdi vade,"['rice flour', 'urad dal', 'wheat flour', 'gram flour', 'turmeric']",vegetarian,spicy,snack,maharashtra,west,kombdi vade rice flour urad dal wheat flour gram flour turmeric vegetarian spicy snack maharashtra west
laapsi,"['cinnamon', 'jaggery', 'clarified butter', 'dry roasted']",vegetarian,spicy,main course,madhya pradesh,central,laapsi cinnamon jaggery clarified butter dry roasted vegetarian spicy main course madhya pradesh central
koshimbir,"['cucumber', 'carrot', 'tomatoes', 'cilantro']",vegetarian,spicy,main course,maharashtra,west,koshimbir cucumber carrot tomatoes cilantro vegetarian spicy main course maharashtra west
methi na gota,"['rava', 'gram flour', 'lemon juice', 'turmeric', 'fenugreek leaves']",vegetarian,bitter,main course,gujarat,west,methi na gota rava gram flour lemon juice turmeric fenugreek leaves vegetarian bitter main course gujarat west
mohanthal,"['rose water', 'pistachio', 'badam', 'bengal gram flour', 'saffron']",vegetarian,sweet,dessert,gujarat,west,mohanthal rose water pistachio badam bengal gram flour saffron vegetarian sweet dessert gujarat west
muthiya,"['bottle gourd', 'whole wheat flour', 'rava', 'sesame seeds', 'bengal gram flour']",vegetarian,bitter,snack,gujarat,west,muthiya bottle gourd whole wheat flour rava sesame seeds bengal gram flour vegetarian bitter snack gujarat west
patra,"['arbi ke patte', 'sesame seeds', 'gur', 'bengal gram flour', 'imli']",vegetarian,spicy,snack,gujarat,west,patra arbi ke patte sesame seeds gur bengal gram flour imli vegetarian spicy snack gujarat west
pav bhaji,"['pav bhaji masala', 'gobi', 'potatoes', 'green peas', 'dinner rolls']",vegetarian,spicy,main course,maharashtra,west,pav bhaji pav bhaji masala gobi potatoes green peas dinner rolls vegetarian spicy main course maharashtra west
puri bhaji,"['aloo', 'urad dal', 'mustard', 'ginger', 'curry leaves']",vegetarian,spicy,main course,maharashtra,west,puri bhaji aloo urad dal mustard ginger curry leaves vegetarian spicy main course maharashtra west
sabudana khichadi,"['raw peanuts', 'sabudana', 'lemon', 'avocado oil', 'curry leaves', 'green chili']",vegetarian,spicy,snack,maharashtra,west,sabudana khichadi raw peanuts sabudana lemon avocado oil curry leaves green chili vegetarian spicy snack maharashtra west
sev khamani,"['khaman', 'pomegranate', 'sev', 'powdered sugar', 'garlic']",vegetarian,spicy,main course,gujarat,west,sev khamani khaman pomegranate sev powdered sugar garlic vegetarian spicy main course gujarat west
sev tameta,"['sev', 'ginger', 'tomato', 'sugar']",vegetarian,spicy,main course,gujarat,west,sev tameta sev ginger tomato sugar vegetarian spicy main course gujarat west
namakpara,"['wheat flour', 'baking soda', 'all purpose flour', 'black pepper', 'sunflower oil']",vegetarian,spicy,snack,gujarat,west,namakpara wheat flour baking soda all purpose flour black pepper sunflower oil vegetarian spicy snack gujarat west
sukhdi,"['whole wheat flour', 'gur', 'clarified butter']",vegetarian,sweet,dessert,maharashtra,west,sukhdi whole wheat flour gur clarified butter vegetarian sweet dessert maharashtra west
surnoli,"['rice flakes', 'yogurt', 'raw rice', 'jaggery', 'grated coconut']",vegetarian,spicy,snack,maharashtra,west,surnoli rice flakes yogurt raw rice jaggery grated coconut vegetarian spicy snack maharashtra west
thalipeeth,"['whole wheat flour', 'rice flour', 'pearl millet flour', 'sorghum flour', 'sesame seeds']",vegetarian,spicy,main course,maharashtra,west,thalipeeth whole wheat flour rice flour pearl millet flour sorghum flour sesame seeds vegetarian spicy main course maharashtra west
undhiyu,"['sweet potato', 'surti papdi', 'baby potatoes', 'valor papdi', 'green peas']",vegetarian,spicy,main course,gujarat,west,undhiyu sweet potato surti papdi baby potatoes valor papdi green peas vegetarian spicy main course gujarat west
veg kolhapuri,"['gobi', 'potato', 'beans', 'khus khus', 'coconut']",vegetarian,spicy,main course,maharashtra,west,veg kolhapuri gobi potato beans khus khus coconut vegetarian spicy main course maharashtra west
vindaloo,"['chicken', 'coconut oil', 'wine vinegar', 'ginger', 'green', 'cinnamon']",non vegetarian,spicy,main course,goa,west,vindaloo chicken coconut oil wine vinegar ginger green cinnamon non vegetarian spicy main course goa west
lilva kachori,"['green garlic chutney', 'fresh green peas', 'ginger', 'lemon juice', 'plain flour']",vegetarian,spicy,snack,gujarat,west,lilva kachori green garlic chutney fresh green peas ginger lemon juice plain flour vegetarian spicy snack gujarat west
mag dhokli,"['moong beans', 'jaggery', 'red chillies', 'oil', 'salt']",vegetarian,spicy,snack,gujarat,west,mag dhokli moong beans jaggery red chillies oil salt vegetarian spicy snack gujarat west
khichu,"['rice flour', 'sesame seeds', 'baking soda', 'peanut oil']",vegetarian,spicy,snack,gujarat,west,khichu rice flour sesame seeds baking soda peanut oil vegetarian spicy snack gujarat west
thepla,"['chickpea flour', 'methi leaves', 'jowar flour', 'wheat flour']",vegetarian,spicy,snack,gujarat,west,thepla chickpea flour methi leaves jowar flour wheat flour vegetarian spicy snack gujarat west
farsi puri,"['semolina', 'clarified butter', 'oil', 'white flour', 'black pepper']",vegetarian,unknown,snack,gujarat,west,farsi puri semolina clarified butter oil white flour black pepper vegetarian unknown snack gujarat west
khaman,"['yogurt', 'fresh coconut', 'sesame seeds', 'semolina', 'gram flour']",vegetarian,spicy,snack,gujarat,west,khaman yogurt fresh coconut sesame seeds semolina gram flour vegetarian spicy snack gujarat west
turiya patra vatana sabji,"['ridge gourd', 'baking soda', 'sugar', 'grated coconut', 'peas']",vegetarian,spicy,main course,gujarat,west,turiya patra vatana sabji ridge gourd baking soda sugar grated coconut peas vegetarian spicy main course gujarat west
churma ladoo,"['whole wheat flour', 'khus khus', 'sesame seeds', 'dry coconut', 'gur']",vegetarian,sweet,dessert,rajasthan,west,churma ladoo whole wheat flour khus khus sesame seeds dry coconut gur vegetarian sweet dessert rajasthan west
cheera doi,"['rice', 'mango', 'curd']",vegetarian,sweet,dessert,west bengal,east,cheera doi rice mango curd vegetarian sweet dessert west bengal east
gheela pitha,"['sticky rice', 'rice flour', 'jaggery', 'orange rind']",vegetarian,sweet,dessert,assam,north east,gheela pitha sticky rice rice flour jaggery orange rind vegetarian sweet dessert assam north east
khar,"['raw papaya', 'panch phoran masala', 'nigella seeds', 'mustard oil', 'fennel seeds']",vegetarian,unknown,main course,assam,north east,khar raw papaya panch phoran masala nigella seeds mustard oil fennel seeds vegetarian unknown main course assam north east
kumol sawul,"['rice', 'eggs', 'carrot', 'beetroot']",non vegetarian,spicy,main course,assam,north east,kumol sawul rice eggs carrot beetroot non vegetarian spicy main course assam north east
luchi,"['maida', 'vegetable oil']",vegetarian,unknown,main course,west bengal,east,luchi maida vegetable oil vegetarian unknown main course west bengal east
alu pitika,"['potatoes', 'mustard oil', 'fish', 'green chillies']",non vegetarian,spicy,main course,assam,north east,alu pitika potatoes mustard oil fish green chillies non vegetarian spicy main course assam north east
masor tenga,"['ridge gourd', 'fish', 'lemon', 'tomatoes', 'mustard oil']",non vegetarian,spicy,main course,assam,north east,masor tenga ridge gourd fish lemon tomatoes mustard oil non vegetarian spicy main course assam north east
bengena pitika,"['brinjal', 'onions', 'salt', 'sesame seeds', 'coriander']",vegetarian,unknown,main course,assam,north east,bengena pitika brinjal onions salt sesame seeds coriander vegetarian unknown main course assam north east
bilahi maas,"['potatoes', 'garam masala', 'tomatoes', 'mustard oil', 'bay leaf']",non vegetarian,unknown,main course,assam,north east,bilahi maas potatoes garam masala tomatoes mustard oil bay leaf non vegetarian unknown main course assam north east
black rice,"['forbidden black rice', 'chicken', 'olive oil', 'slivered almonds', 'garlic powder']",non vegetarian,unknown,main course,manipur,north east,black rice forbidden black rice chicken olive oil slivered almonds garlic powder non vegetarian unknown main course manipur north east
bora sawul,"['biryani masala', 'mixed vegetables', 'yellow moong daal', 'whole red', 'mustard seeds']",vegetarian,spicy,main course,assam,north east,bora sawul biryani masala mixed vegetables yellow moong daal whole red mustard seeds vegetarian spicy main course assam north east
brown rice,"['brown rice', 'soy sauce', 'olive oil']",vegetarian,unknown,main course,unknown,unknown,brown rice brown rice soy sauce olive oil vegetarian unknown main course unknown unknown
chingri malai curry,"['coconut milk', 'lobster', 'fresh green chilli', 'ginger', 'red onion']",non vegetarian,spicy,main course,west bengal,east,chingri malai curry coconut milk lobster fresh green chilli ginger red onion non vegetarian spicy main course west bengal east
goja,"['baking soda', 'clarified butter', 'oil', 'all purpose flour']",vegetarian,sweet,dessert,west bengal,east,goja baking soda clarified butter oil all purpose flour vegetarian sweet dessert west bengal east
hando guri,"['jaggery', 'raisins']",vegetarian,sweet,dessert,assam,north east,hando guri jaggery raisins vegetarian sweet dessert assam north east
haq maas,"['lamb', 'garam masala powder', 'curd', 'turmeric', 'bay leaf']",non vegetarian,spicy,main course,assam,north east,haq maas lamb garam masala powder curd turmeric bay leaf non vegetarian spicy main course assam north east
chingri bhape,"['coconut', 'prawns', 'curd', 'mustard seed', 'green chili']",non vegetarian,unknown,main course,west bengal,east,chingri bhape coconut prawns curd mustard seed green chili non vegetarian unknown main course west bengal east
kabiraji,"['fish fillet', 'besan', 'lemon', 'mint', 'ginger']",non vegetarian,spicy,main course,west bengal,east,kabiraji fish fillet besan lemon mint ginger non vegetarian spicy main course west bengal east
khorisa,"['fermented bamboo shoot', 'potato', 'ginger', 'green', 'mustard oil']",vegetarian,spicy,main course,assam,north east,khorisa fermented bamboo shoot potato ginger green mustard oil vegetarian spicy main course assam north east
koldil chicken,"['banana flower', 'chicken', 'green chili', 'mustard oil', 'lemon juice']",non vegetarian,spicy,main course,assam,north east,koldil chicken banana flower chicken green chili mustard oil lemon juice non vegetarian spicy main course assam north east
konir dom,"['aloo', 'tomatoes', 'mustard oil', 'bay leaf', 'cinnamon stick']",non vegetarian,spicy,main course,assam,north east,konir dom aloo tomatoes mustard oil bay leaf cinnamon stick non vegetarian spicy main course assam north east
koldil duck,"['rice flour', 'mutton', 'banana', 'gram flour', 'olive oil', 'baking powder']",non vegetarian,spicy,main course,assam,north east,koldil duck rice flour mutton banana gram flour olive oil baking powder non vegetarian spicy main course assam north east
masor koni,"['fish roe', 'pumpkin flowers', 'mustard oil', 'turmeric', 'tomato']",non vegetarian,spicy,main course,assam,north east,masor koni fish roe pumpkin flowers mustard oil turmeric tomato non vegetarian spicy main course assam north east
mishti chholar dal,"['chana dal', 'fresh coconut', 'ginger', 'cinnamon', 'raisins']",vegetarian,sweet,main course,west bengal,east,mishti chholar dal chana dal fresh coconut ginger cinnamon raisins vegetarian sweet main course west bengal east
pakhala,"['curd', 'cooked rice', 'curry leaves', 'dry chilli']",vegetarian,unknown,main course,odisha,east,pakhala curd cooked rice curry leaves dry chilli vegetarian unknown main course odisha east
pani pitha,"['tea leaves', 'white sesame seeds', 'dry coconut', 'soaked rice']",vegetarian,unknown,main course,assam,north east,pani pitha tea leaves white sesame seeds dry coconut soaked rice vegetarian unknown main course assam north east
payokh,"['basmati rice', 'rose water', 'sugar', 'clarified butter', 'cardamom pods']",vegetarian,sweet,dessert,assam,north east,payokh basmati rice rose water sugar clarified butter cardamom pods vegetarian sweet dessert assam north east
prawn malai curry,"['coconut milk', 'prawns', 'garlic', 'turmeric', 'sugar']",non vegetarian,spicy,main course,west bengal,east,prawn malai curry coconut milk prawns garlic turmeric sugar non vegetarian spicy main course west bengal east
red rice,"['red pepper', 'red onion', 'butter', 'watercress', 'olive oil']",vegetarian,unknown,main course,unknown,unknown,red rice red pepper red onion butter watercress olive oil vegetarian unknown main course unknown unknown
shukto,"['green beans', 'bitter gourd', 'ridge gourd', 'banana', 'brinjal']",vegetarian,spicy,main course,west bengal,east,shukto green beans bitter gourd ridge gourd banana brinjal vegetarian spicy main course west bengal east
til pitha,"['glutinous rice', 'black sesame seeds', 'gur']",vegetarian,sweet,dessert,assam,north east,til pitha glutinous rice black sesame seeds gur vegetarian sweet dessert assam north east
bebinca,"['coconut milk', 'egg yolks', 'clarified butter', 'all purpose flour']",vegetarian,sweet,dessert,goa,west,bebinca coconut milk egg yolks clarified butter all purpose flour vegetarian sweet dessert goa west
shufta,"['cottage cheese', 'dry dates', 'dried rose petals', 'pistachio', 'badam']",vegetarian,sweet,dessert,jammu kashmir,north,shufta cottage cheese dry dates dried rose petals pistachio badam vegetarian sweet dessert jammu kashmir north
mawa bati,"['milk powder', 'dry fruits', 'arrowroot powder', 'all purpose flour']",vegetarian,sweet,dessert,madhya pradesh,central,mawa bati milk powder dry fruits arrowroot powder all purpose flour vegetarian sweet dessert madhya pradesh central
pinaca,"['brown rice', 'fennel seeds', 'grated coconut', 'black pepper', 'ginger powder']",vegetarian,sweet,dessert,goa,west,pinaca brown rice fennel seeds grated coconut black pepper ginger powder vegetarian sweet dessert goa west
